INSERT INTO `coordinates` (`ID_COORDINATE`, `LATITUDE`, `LONGITUDE`) VALUES
(1, 12.36, 126.32),
(2, 1.362, 123.36),
(3, 51.512268, -0.106688),
(4, 51.499126, -0.094843),
(5, 51.511734, -0.155611),
(6, 51.511307, -0.031328),
(7, 51.491431, -0.044203),
(8, 51.5177162373547, -0.12625694274902347),
(9, 51.48940009377448, -0.13758659362792972),
(10, 51.493995984702856, -0.012788772583007812),
(11, 51.505964502406826, -0.12763023376464847),
(12, 53.40421057583339, -2.9843330383300786),
(13, 40.51379915504413, -4.383544921875001),
(14, 41.36031866306708, 2.1560668945312504),
(15, 51.505750806437874, -0.1271152496337891),
(16, 53.47619600229148, -2.244987487792969),
(17, 51.46085244645549, -0.04943847656250001),
(18, 41.89001042401827, 12.486648559570314),
(19, 48.13493370228957, 11.573066711425783),
(20, 37.38707192644979, -5.989952087402345),
(21, 50.41201824668217, 2.2933959960937504),
(22, 45.06964120886865, 7.680130004882813),
(23, 48.929717630629554, 2.7081298828125004),
(24, 40.40722213305287, -3.6900329589843754),
(25, 28.92163128242129, 29.838867187500004),
(26, 31.23159167205059, 30.05722045898438),
(27, 26.70635985763354, 17.116699218750004),
(28, 30.60600393400217, 32.29053497314454),
(29, 31.70013, 31.032257),
(30, 31.548112, 30.757599),
(31, 31.365364, 31.147614),
(32, 31.477866, 31.512909),
(33, -85.6743187, -10.4835957),
(34, -43.2126759, -22.951916),
(35, 35.4228291, 30.3425637),
(36, 35.4421735, 30.3284544),
(37, -85.6743187, -10.4835957),
(38, -43.2126759, -22.951916),
(39, 116.4424751, 40.489664),
(40, 116.5681862, 40.4319077),
(41, -72.9661254, -13.142332),
(42, -72.5471516, -13.1631412),
(43, -72.9661254, -13.142332),
(44, -72.5471516, -13.1631412),
(45, 78.052322, 27.1178848),
(46, 78.0399665, 27.1750151),
(47, 78.052322, 27.1178848),
(48, 78.0399665, 27.1750151),
(49, -89.1829955, 21.2513364),
(50, -88.5699713, 20.6842849),
(51, 40.705628, -3.587036),
(52, 40.346544, -4.202271),
(53, 39.926588, -3.609009),
(54, 40.237605, -2.70813),
(55, 40.697299, -2.598267),
(56, 53.540307, -2.224731),
(57, 53.481508, -2.389526),
(58, 53.429174, -2.246704),
(59, 53.46189, -1.983032),
(60, 42.016652, 12.442017),
(61, 41.8941, 12.354126),
(62, 41.754922, 12.485962),
(63, 41.95949, 12.815552),
(64, 45.182037, 7.650604),
(65, 45.038597, 7.450104),
(66, 44.931752, 7.683563),
(67, 45.059942, 8.0159),
(68, 30.077413, 31.163406),
(69, 29.8859, 30.949173),
(70, 29.814434, 31.270523),
(71, 30.01322, 31.299362),
(72, -7.798079, -75.06958),
(73, -10.185187, -77.442627),
(74, -13.517838, -74.608154),
(75, -11.652236, -70.411377),
(76, 30.510217, 35.391083),
(77, 30.349176, 35.193329),
(78, 30.114246, 35.605316),
(79, 30.415519, 35.901947),
(80, -22.948395, -43.210666),
(81, -22.954284, -43.217919),
(82, -22.959065, -43.206418),
(83, -22.9529, -43.202813),
(84, 27.117813, 77.820282),
(85, 27.371767, 77.987823),
(86, 27.078692, 78.336639),
(87, 26.990619, 78.031769),
(88, 27.174026, 77.600555),
(89, 27.447353, 77.908173),
(90, 27.401032, 78.509674),
(91, 20.95118, -88.584137),
(92, 20.535077, -89.105988),
(93, 20.164255, -88.119965),
(94, 20.907569, -88.394623);

INSERT INTO `features` (`ID_FEATURE`, `COORDINATE_ID`, `ID_QUESTION`) VALUES
(2, 4, 1),
(3, 5, 1),
(4, 6, 1),
(5, 7, 1),
(6, 29, 8),
(7, 30, 8),
(8, 31, 8),
(9, 32, 8),
(10, 51, 7),
(11, 52, 7),
(12, 53, 7),
(13, 54, 7),
(14, 55, 7),
(15, 56, 4),
(16, 57, 4),
(17, 58, 4),
(18, 59, 4),
(19, 60, 5),
(20, 61, 5),
(21, 62, 5),
(22, 63, 5),
(23, 64, 6),
(24, 65, 6),
(25, 66, 6),
(26, 67, 6),
(27, 68, 9),
(28, 69, 9),
(29, 70, 9),
(30, 71, 9),
(31, 72, 12),
(32, 73, 12),
(33, 74, 12),
(34, 75, 12),
(35, 76, 10),
(36, 77, 10),
(37, 78, 10),
(38, 79, 10),
(39, 80, 11),
(40, 81, 11),
(41, 82, 11),
(42, 83, 11),
(43, 84, 13),
(44, 85, 13),
(45, 86, 13),
(46, 87, 13),
(47, 88, 13),
(48, 89, 13),
(49, 90, 13),
(50, 91, 14),
(51, 92, 14),
(52, 93, 14),
(53, 94, 14);

INSERT INTO `maps` (`ID_MAP`, `COORDINATE_ID`, `ZOOMMAX`, `ZOOMMIN`) VALUES
(1, 1, 13, 2),
(2, 9, 14, 2),
(3, 11, 11, 2),
(4, 13, 11, 2),
(5, 15, 10, 2),
(6, 17, 10, 2),
(7, 21, 12, 2),
(8, 23, 11, 2),
(9, 25, 13, 2),
(10, 27, 13, 2),
(11, 33, 15, 10),
(12, 35, 15, 10),
(13, 37, 15, 10),
(14, 39, 15, 11),
(15, 41, 15, 10),
(16, 43, 15, 10),
(17, 45, 15, 10),
(18, 47, 15, 10),
(19, 49, 15, 10);

INSERT INTO `questions` (`ID_QUESTION`, `TITLE`, `TOPIC_ID`, `RESPONSE_ID`, `MAP_ID`, `ENABLED`) VALUES
(3, 'Ou se trouve Barcelone ?', 1, 4, 4, 1),
(4, 'Ou se trouve Manchester ?', 3, 5, 5, 1),
(5, 'Ou se trouve Rome ?', 3, 6, 6, 1),
(6, 'Ou se trouve Turin ?', 3, 9, 7, 1),
(7, 'Ou se trouve Madrid ?', 3, 10, 8, 1),
(8, 'Ou se trouve le Phare d\'Alexandrie ?', 2, 11, 9, 1),
(9, 'Ou se trouve la Pyramide de Kheops ?', 2, 12, 10, 1),
(10, 'Ou se trouve Petra ?', 2, 13, 12, 1),
(11, 'Ou se trouve Christ redempteur ?', 2, 14, 13, 1),
(12, 'Ou se trouve Machu Picchu ?', 2, 17, 16, 1),
(13, 'Ou se trouve Taj Mahal ?', 2, 19, 18, 1),
(14, 'Ou se trouve Chichen Itza ?', 2, 20, 19, 1);

INSERT INTO `responses` (`ID_RESPONSE`, `COORDINATE_ID`, `MARGINERROR`) VALUES
(1, 2, 0.5),
(2, 8, 0.36),
(3, 10, 0.366),
(4, 14, 0.2),
(5, 16, 0.4),
(6, 18, 0.1),
(7, 19, 0.3),
(8, 20, 0.3),
(9, 22, 0.3),
(10, 24, 0.2),
(11, 26, 0.4),
(12, 28, 0.4),
(13, 36, 0.6),
(14, 38, 0.7),
(15, 40, 0.4),
(16, 42, 0.7),
(17, 44, 0.7),
(18, 46, 0.623),
(19, 48, 0.626),
(20, 50, 0.712);

INSERT INTO `topics` (`ID_TOPIC`, `NAME`, `ENABLED`) VALUES
(2, 'Les 7 merveilles du monde', 1),
(3, 'Villes ayant une equipe en quart de final de la ligue des champions 2018', 1);

INSERT INTO `users` (`ID_USER`, `FIRSTNAME`, `LASTNAME`, `PSEUDO`, `PASSWORD`, `ROLE`, `ACTIVE`, `CREATE_AT`, `UPDATE_AT`) VALUES
(1, 'Driss', 'IsKewl', 'K', 'D', 'admin', 1, '2018-05-12 19:47:29', '2018-05-15 20:22:22'),
(2, 'Keeeewl', 'DrissVery', 'SteeveBad', 'ee3b049fccadc75d8e11f400aab0941d80d7996d2c90c5f6a9a4c84b7bdf1682', 'user', 1, '2018-05-23 16:54:55', NULL);